year,state,label,orders,delivered,sales_orders,sales_cents,eligible,late,days_sum,review_sum,reviewed
2016,AL,2016-10,2,1,1,4999,1,0,33.06432870356366,4.0,1
2016,BA,2016-10,4,3,3,24488,3,0,62.33998842537403,13.0,3
2016,CE,2016-10,8,6,6,164968,6,0,163.39646990736946,29.0,6
2016,DF,2016-10,6,6,6,104377,6,0,137.94388888869435,19.0,6
2016,ES,2016-10,4,3,3,85979,3,0,74.40233796276152,12.0,3
2016,GO,2016-10,9,7,7,90449,7,0,98.9602662040852,33.0,7
2016,MA,2016-10,4,4,4,70426,4,0,112.97233796259388,14.0,3
2016,MG,2016-10,40,35,35,427495,35,0,693.5048263887875,128.0,34
2016,MT,2016-10,3,1,1,4780,1,0,7.024340278003365,5.0,1
2016,PA,2016-10,4,4,4,108760,4,0,109.99869212973863,17.0,4
2016,PB,2016-10,1,1,1,4990,1,0,37.71947916643694,5.0,1
2016,PE,2016-10,7,6,6,124960,6,0,108.22432870371267,26.0,6
2016,PI,2016-10,1,1,1,21000,1,0,27.183784722350538,4.0,1
2016,PR,2016-10,19,19,19,200461,19,0,325.515625,74.0,19
2016,PR,2016-12,1,1,1,1090,1,0,4.693020833656192,5.0,1
2016,RJ,2016-10,56,40,40,821728,40,0,767.34517361084,154.0,39
2016,RN,2016-10,4,4,4,72869,4,0,108.71627314807847,20.0,4
2016,RR,2016-09,1,0,0,0,0,0,0,0,0
2016,RR,2016-10,1,1,1,3970,1,0,8.583067129831761,4.0,1
2016,RS,2016-09,1,0,0,0,0,0,0,0,0
2016,RS,2016-10,24,17,17,252355,17,0,321.9175694449805,69.0,17
2016,SC,2016-10,11,9,9,223806,9,0,165.16297453735024,35.0,9
2016,SE,2016-10,3,3,3,28545,3,0,91.50981481419876,14.0,3
2016,SP,2016-09,2,1,1,13497,1,1,54.81319444440305,1.0,1
2016,SP,2016-10,113,94,94,1191106,94,2,1738.6625115708448,372.0,94
2017,AC,2017-01,2,2,2,58960,2,0,41.670543981250376,4.0,2
2017,AC,2017-02,3,3,3,45040,3,0,77.2620949074626,15.0,3
2017,AC,2017-03,2,2,2,45599,2,0,40.33385416632518,9.0,2
2017,AC,2017-04,5,5,5,116238,5,0,129.95307870348915,16.0,5
2017,AC,2017-05,8,8,8,209439,8,0,159.7464351844974,33.0,8
2017,AC,2017-06,4,4,4,38578,4,0,74.76550925895572,19.0,4
2017,AC,2017-07,5,5,5,61869,5,0,91.31486111180857,22.0,5
2017,AC,2017-08,4,4,4,63793,4,0,72.28028935194016,15.0,4
2017,AC,2017-09,5,5,5,178689,5,1,133.48877314804122,20.0,5
2017,AC,2017-10,6,5,5,68322,5,0,65.71635416708887,19.0,5
2017,AC,2017-11,5,5,5,64992,5,1,120.37997685186565,18.0,5
2017,AC,2017-12,5,5,5,110078,5,0,109.59509259229526,24.0,5
2017,AL,2017-01,2,2,2,39397,2,0,30.890428240876645,6.0,2
2017,AL,2017-02,12,12,12,261603,12,1,344.71819444419816,52.0,12
2017,AL,2017-03,10,10,10,117479,10,2,235.0651620370336,41.0,10
2017,AL,2017-04,23,21,21,456912,21,8,649.7832407411188,67.0,21
2017,AL,2017-05,27,26,26,469925,26,2,581.2979629640467,99.0,25
2017,AL,2017-06,10,10,10,95165,10,3,261.72565972199664,34.0,10
2017,AL,2017-07,17,15,15,223894,15,7,468.08543981518596,48.0,14
2017,AL,2017-08,18,17,17,888927,17,3,425.9197222213261,67.0,17
2017,AL,2017-09,20,19,19,430539,19,8,595.7799999988638,68.0,19
2017,AL,2017-10,28,28,28,534436,28,2,570.6587962973863,116.0,28
2017,AL,2017-11,26,26,26,593626,26,5,602.5609490736388,105.0,26
2017,AL,2017-12,14,12,12,222387,12,0,261.28599537117407,53.0,12
2017,AM,2017-02,8,8,8,90289,8,0,134.72439814871177,39.0,8
2017,AM,2017-03,5,5,5,63139,5,0,147.4746643519029,25.0,5
2017,AM,2017-04,13,13,13,83638,13,0,270.7217245376669,59.0,13
2017,AM,2017-05,10,8,8,101677,8,1,262.0997685189359,31.0,8
2017,AM,2017-06,1,1,1,16999,1,0,5.5345254628919065,2.0,1
2017,AM,2017-07,5,5,5,70560,5,0,93.59359953645617,19.0,5
2017,AM,2017-08,5,5,5,127660,5,0,118.32682870468125,23.0,5
2017,AM,2017-09,9,9,9,116328,9,0,218.31013888958842,33.0,8
2017,AM,2017-10,3,3,3,7088,3,0,58.87326388899237,15.0,3
2017,AM,2017-11,10,10,10,263525,10,0,342.24761574016884,47.0,10
2017,AM,2017-12,6,6,6,102946,6,0,221.26519675878808,28.0,6
2017,AP,2017-02,2,2,2,54985,2,0,34.36150462925434,9.0,2
2017,AP,2017-03,3,3,3,30379,3,2,236.5360300927423,14.0,3
2017,AP,2017-05,5,4,4,122089,4,0,74.11821759259328,18.0,4
2017,AP,2017-06,2,2,2,25270,2,0,51.101574074011296,9.0,2
2017,AP,2017-07,1,1,1,25990,1,0,16.832905092742294,4.0,1
2017,AP,2017-08,3,3,3,28979,3,0,67.04501157440245,13.0,3
2017,AP,2017-09,2,2,2,36460,2,0,39.24454861134291,10.0,2
2017,AP,2017-10,3,3,3,159185,3,0,56.07351851882413,13.0,3
2017,AP,2017-11,4,4,4,51188,4,0,111.80263888929039,18.0,4
2017,AP,2017-12,4,4,4,60190,4,0,122.1759606488049,16.0,4
2017,BA,2017-01,25,24,24,378802,24,1,360.05403935164213,96.0,24
2017,BA,2017-02,59,58,58,699078,58,5,1251.2162847225554,228.0,58
2017,BA,2017-03,91,87,87,1546832,87,7,1775.3436458338983,327.0,85
2017,BA,2017-04,93,84,84,1786315,84,12,2397.731388887856,331.0,83
2017,BA,2017-05,127,119,119,1603166,119,4,1999.2509375023656,470.0,119
2017,BA,2017-06,106,103,103,2010967,103,8,1889.9825810198672,380.0,102
2017,BA,2017-07,155,144,144,1846974,144,7,2606.2122800908983,589.0,143
2017,BA,2017-08,158,152,152,2513447,152,5,2332.2611805531196,631.0,150
2017,BA,2017-09,170,167,167,2365890,167,28,3191.9903703690507,667.0,165
2017,BA,2017-10,166,158,158,2331992,158,16,2878.8993865726516,613.0,157
2017,BA,2017-11,250,243,243,2881904,243,36,4947.388043985702,943.5,242
2017,BA,2017-12,192,188,188,2779977,188,24,4213.201377314515,737.0,185
2017,CE,2017-01,9,8,8,89449,8,1,204.51787037076429,32.0,8
2017,CE,2017-02,13,13,13,209506,13,1,278.28599537024274,57.0,13
2017,CE,2017-03,28,26,26,596998,26,8,753.6757523147389,79.0,26
2017,CE,2017-04,43,42,42,573183,42,5,1214.7453240719624,166.0,42
2017,CE,2017-05,62,62,62,1046627,62,1,1028.2291435170919,274.0,62
2017,CE,2017-06,47,44,44,956020,44,0,730.2840856486,180.0,43
2017,CE,2017-07,53,53,53,775952,53,0,892.4731481475756,229.0,53
2017,CE,2017-08,73,73,73,1064266,73,1,1175.5620023161173,329.0,73
2017,CE,2017-09,77,74,74,1665293,74,2,1134.3711226861924,310.0,74
2017,CE,2017-10,66,63,63,1205302,63,3,1236.400300923735,244.0,62
2017,CE,2017-11,108,103,103,1835359,103,27,2577.408831019886,359.0,103
2017,CE,2017-12,81,79,79,1029944,79,6,1824.6784143531695,322.0,79
2017,DF,2017-01,13,13,13,182663,13,2,279.26922453707084,45.0,13
2017,DF,2017-02,24,21,21,985781,21,0,243.80215277709067,92.0,20
2017,DF,2017-03,57,54,54,680397,54,0,643.5123842628673,234.5,54
2017,DF,2017-04,35,34,34,749768,34,0,507.27349537052214,127.0,34
2017,DF,2017-05,64,60,60,745248,60,0,700.1450115740299,264.0,60
2017,DF,2017-06,70,69,69,820586,69,1,955.5613888911903,274.0,69
2017,DF,2017-07,77,75,75,1082802,75,0,951.6655555553734,330.0,75
2017,DF,2017-08,87,83,83,962691,83,1,980.2886458304711,358.0,83
2017,DF,2017-09,97,94,94,1320000,94,7,1211.3900462961756,388.5,94
2017,DF,2017-10,98,92,92,1263450,92,3,1151.005497683771,370.5,92
2017,DF,2017-11,168,157,157,2640616,157,18,2372.6392361116596,618.0,157
2017,DF,2017-12,131,129,129,1682968,129,6,1983.2490046266466,529.0,127
2017,ES,2017-01,12,9,9,81620,9,1,148.69983796216547,36.0,9
2017,ES,2017-02,34,31,31,389459,31,2,640.3652777764946,116.0,29
2017,ES,2017-03,48,47,47,493291,47,0,452.6194791691378,207.0,47
2017,ES,2017-04,46,45,45,542030,45,2,607.7619791678153,177.5,45
2017,ES,2017-05,94,90,90,1237853,90,3,1147.6949189784937,382.0,87
2017,ES,2017-06,80,79,79,1034583,79,5,1273.1964351865463,335.0,78
2017,ES,2017-07,83,81,81,715720,81,3,1198.2990509257652,317.0,79
2017,ES,2017-08,95,94,94,1314185,94,4,1275.965011575725,392.0,94
2017,ES,2017-09,93,93,93,1123595,93,4,1190.0738888890482,386.0,92
2017,ES,2017-10,100,100,100,1038069,100,5,1455.6600000006147,427.0,100
2017,ES,2017-11,170,168,168,2385876,168,34,2918.39925926039,626.0,165
2017,ES,2017-12,113,108,108,1218976,108,7,2126.6324768522754,446.0,106
2017,GO,2017-01,18,18,18,422749,18,0,230.7991550914012,79.0,18
2017,GO,2017-02,27,24,24,224006,24,1,534.9363773162477,101.0,24
2017,GO,2017-03,53,47,47,849446,47,0,674.5025694440119,186.0,47
2017,GO,2017-04,41,38,38,532193,38,3,742.667118055746,145.0,38
2017,GO,2017-05,87,83,83,1648118,83,3,1325.7330092573538,348.0,83
2017,GO,2017-06,79,73,73,879784,73,3,1140.2140393536538,296.0,73
2017,GO,2017-07,77,77,77,892319,77,3,1118.3992824079469,342.0,77
2017,GO,2017-08,93,89,89,1313893,89,2,1202.1103356461972,365.0,88
2017,GO,2017-09,88,84,84,1318374,84,2,1157.1832754625939,351.5,84
2017,GO,2017-10,108,106,106,1659105,106,2,1507.8018750008196,460.0,105
2017,GO,2017-11,157,153,153,2072621,153,20,2838.0104398154654,604.0,149
2017,GO,2017-12,127,125,125,1567493,125,9,2313.3095833300613,498.0,124
2017,MA,2017-01,9,6,6,56310,6,1,148.79678240744397,25.0,6
2017,MA,2017-02,11,11,11,89528,11,0,171.0934027787298,51.0,11
2017,MA,2017-03,24,22,22,195080,22,4,530.7298148130067,78.0,22
2017,MA,2017-04,27,25,25,304842,25,1,530.2020138893276,108.0,24
2017,MA,2017-05,33,31,31,327418,31,0,510.63672453770414,134.0,31
2017,MA,2017-06,17,15,15,168750,15,0,246.79499999945983,60.0,15
2017,MA,2017-07,39,37,37,622044,37,0,766.2222685194574,149.0,37
2017,MA,2017-08,40,38,38,599923,38,2,728.5696412026882,144.5,38
2017,MA,2017-09,42,41,41,944035,41,3,723.9994212966412,175.0,41
2017,MA,2017-10,48,48,48,1033580,48,12,1020.2429629629478,178.0,48
2017,MA,2017-11,56,53,53,983859,53,28,1611.2646296299063,163.0,52
2017,MA,2017-12,41,40,40,559015,40,5,975.4309722222388,133.0,40
2017,MG,2017-01,108,102,102,1575385,102,0,1115.3599537033588,438.0,101
2017,MG,2017-02,259,241,241,2856132,241,2,2955.112893525511,1001.0,241
2017,MG,2017-03,358,343,343,4084708,343,8,4001.3443055534735,1469.0,340
2017,MG,2017-04,275,266,266,3922437,266,7,3145.0153587986715,1133.0,265
2017,MG,2017-05,428,412,412,4883967,412,7,4397.165115737822,1705.0,411
2017,MG,2017-06,363,356,356,4627524,356,5,4298.204155089799,1517.0,355
2017,MG,2017-07,453,435,435,5375888,435,4,4882.290509257,1806.5,429
2017,MG,2017-08,469,459,459,5870891,459,11,5051.921944445465,1965.5,455
2017,MG,2017-09,507,493,493,7151626,493,5,5025.97157407878,2150.0,491
2017,MG,2017-10,560,542,542,8071011,542,5,5651.814525469672,2317.5,539
2017,MG,2017-11,943,922,922,13268609,922,66,13244.82775462931,3804.0,915
2017,MG,2017-12,691,669,669,9115290,669,23,9792.982164359186,2755.0,667
2017,MS,2017-01,1,1,1,14900,1,0,11.654317129869014,5.0,1
2017,MS,2017-02,11,11,11,751979,11,0,218.76065972214565,50.0,11
2017,MS,2017-03,20,19,19,645255,19,0,237.40740740671754,84.0,19
2017,MS,2017-04,15,15,15,190406,15,1,229.74516203720123,67.0,15
2017,MS,2017-05,29,26,26,316735,26,0,326.98759259236977,121.0,26
2017,MS,2017-06,27,27,27,380742,27,0,392.42379629658535,114.0,27
2017,MS,2017-07,25,24,24,358295,24,0,331.247465276625,104.5,24
2017,MS,2017-08,24,24,24,384162,24,0,321.68886574171484,95.0,23
2017,MS,2017-09,33,32,32,490271,32,0,381.4172916649841,129.0,32
2017,MS,2017-10,34,33,33,626784,33,2,452.4369444451295,149.0,33
2017,MS,2017-11,46,44,44,585088,44,4,710.1282291663811,183.0,44
2017,MS,2017-12,36,34,34,523145,34,2,676.3382986127399,145.5,34
2017,MT,2017-01,11,9,9,165374,9,0,142.2820023149252,29.0,9
2017,MT,2017-02,17,17,17,298840,17,0,311.84502314869314,65.0,17
2017,MT,2017-03,16,16,16,215709,16,4,463.47409722255543,54.0,16
2017,MT,2017-04,27,25,25,328205,25,2,542.0476273149252,101.0,25
2017,MT,2017-05,37,37,37,673111,37,1,556.3586921300739,161.5,37
2017,MT,2017-06,25,24,24,426163,24,1,402.3436805550009,100.0,24
2017,MT,2017-07,38,37,37,1025878,37,0,576.9615740738809,161.0,36
2017,MT,2017-08,38,38,38,670945,38,0,591.4828819446266,144.0,36
2017,MT,2017-09,35,34,34,686101,34,2,546.7905324064195,136.0,34
2017,MT,2017-10,52,50,50,1074901,50,1,812.0695601869375,217.0,50
2017,MT,2017-11,74,73,73,1138171,73,9,1468.7662962963805,292.0,73
2017,MT,2017-12,50,49,49,901720,49,5,1143.7171180541627,189.0,48
2017,PA,2017-01,12,10,10,125837,10,0,150.86317129665986,44.0,10
2017,PA,2017-02,25,24,24,960259,24,0,461.5044097225182,107.0,24
2017,PA,2017-03,36,35,35,764777,35,3,892.1714236112311,124.0,35
2017,PA,2017-04,36,36,36,477615,36,0,643.5195949086919,151.0,36
2017,PA,2017-05,35,35,35,540414,35,1,669.2771527771838,151.0,35
2017,PA,2017-06,38,36,36,549648,36,2,702.4644328695722,157.0,36
2017,PA,2017-07,39,36,36,447402,36,3,684.6948032430373,144.0,36
2017,PA,2017-08,60,57,57,1475440,57,0,988.0572685203515,232.0,57
2017,PA,2017-09,41,41,41,621839,41,5,992.4359259270132,171.0,41
2017,PA,2017-10,54,52,52,672258,52,3,1294.9128587958403,214.0,52
2017,PA,2017-11,70,69,69,1166653,69,10,1827.9648958346806,240.0,68
2017,PA,2017-12,58,58,58,1042023,58,4,1534.6160995368846,221.0,57
2017,PB,2017-01,2,2,2,40980,2,0,22.426284721586853,9.0,2
2017,PB,2017-02,12,11,11,189983,11,1,226.40555555652827,44.0,10
2017,PB,2017-03,16,16,16,438799,16,1,280.3314120359719,70.0,16
2017,PB,2017-04,20,20,20,295737,20,3,532.8473495380022,65.0,19
2017,PB,2017-05,18,17,17,280922,17,1,287.973807872273,69.0,17
2017,PB,2017-06,23,22,22,573192,22,2,442.05620370432734,88.0,22
2017,PB,2017-07,27,26,26,424106,26,5,695.6102430550382,106.0,26
2017,PB,2017-08,16,16,16,232477,16,1,303.20570601848885,72.0,16
2017,PB,2017-09,29,25,25,498939,25,7,663.201504629571,104.0,24
2017,PB,2017-10,30,28,28,1023650,28,0,541.6077546305023,117.0,27
2017,PB,2017-11,30,27,27,439759,27,5,645.89203703776,96.0,27
2017,PB,2017-12,37,37,37,558556,37,4,797.7225231477059,134.0,36
2017,PE,2017-01,9,9,9,188448,9,1,187.3474884252064,34.0,8
2017,PE,2017-02,21,20,20,278191,20,1,371.9820601847023,85.0,20
2017,PE,2017-03,45,36,36,518265,36,1,619.8416666695848,160.0,36
2017,PE,2017-04,40,36,36,364643,36,3,821.6250578700565,157.0,36
2017,PE,2017-05,68,63,63,1001882,63,1,955.002245369833,269.0,63
2017,PE,2017-06,46,41,41,548906,41,2,789.9066203683615,170.0,41
2017,PE,2017-07,73,70,70,919842,70,13,1655.882581018377,259.0,70
2017,PE,2017-08,85,83,83,1284455,83,12,1801.2199074109085,323.0,83
2017,PE,2017-09,76,74,74,1300962,74,6,1219.7024999987334,296.0,73
2017,PE,2017-10,80,77,77,1712019,77,5,1366.6372685185634,331.0,76
2017,PE,2017-11,126,125,125,1959924,125,15,2424.357175929006,470.0,124
2017,PE,2017-12,103,101,101,1567062,101,8,2184.4230208327062,398.0,99
2017,PI,2017-01,7,7,7,125085,7,0,105.53202546294779,33.0,7
2017,PI,2017-02,12,10,10,301669,10,0,187.77141203731298,40.0,10
2017,PI,2017-03,13,13,13,210650,13,3,609.6618981477804,54.0,13
2017,PI,2017-04,13,11,11,213803,11,0,145.65094907348976,47.0,10
2017,PI,2017-05,25,23,23,579652,23,0,328.1771990749985,101.0,23
2017,PI,2017-06,14,14,14,214747,14,0,189.38218749966472,63.0,14
2017,PI,2017-07,20,20,20,220201,20,1,298.9450578694232,77.0,19
2017,PI,2017-08,22,20,20,436750,20,0,342.02109953714535,81.0,20
2017,PI,2017-09,23,22,22,284823,22,1,366.0126851852983,85.0,21
2017,PI,2017-10,23,23,23,404704,23,0,368.520891204942,100.0,23
2017,PI,2017-11,31,31,31,270781,31,15,830.6260532420129,102.0,31
2017,PI,2017-12,23,23,23,264692,23,3,478.9417592585087,102.0,23
2017,PR,2017-01,65,62,62,504963,62,2,737.3380092619918,276.0,62
2017,PR,2017-02,118,110,110,1795581,110,3,1525.2719444460236,444.0,109
2017,PR,2017-03,127,121,121,1463890,121,5,1402.7287731473334,522.0,121
2017,PR,2017-04,114,112,112,1555311,112,3,1520.0496759242378,473.0,112
2017,PR,2017-05,213,206,206,3113510,206,2,2116.8805787027813,902.0,205
2017,PR,2017-06,170,167,167,2115329,167,2,1887.0472916672006,725.0,167
2017,PR,2017-07,203,195,195,2433110,195,1,2106.5505092609674,873.5,194
2017,PR,2017-08,223,220,220,2843997,220,0,2170.7462152717635,972.0,219
2017,PR,2017-09,183,176,176,2088261,176,1,2043.137719906401,737.0,174
2017,PR,2017-10,206,198,198,3263941,198,6,2535.2876620343886,815.0,197
2017,PR,2017-11,378,365,365,4575134,365,32,5366.324062495958,1492.5,363
2017,PR,2017-12,270,260,260,2989454,260,13,3860.6945601906627,1060.0,259
2017,RJ,2017-01,97,91,91,1204810,91,3,1263.4106134269387,353.5,88
2017,RJ,2017-02,254,230,230,2997040,230,8,2857.9811342596076,952.0,228
2017,RJ,2017-03,395,370,370,5337391,370,16,3954.9726851833984,1513.0,366
2017,RJ,2017-04,338,325,325,5695559,325,21,4631.530358795077,1342.0,322
2017,RJ,2017-05,488,466,466,7096717,466,13,5188.436979167629,1941.0,462
2017,RJ,2017-06,412,399,399,5329595,399,13,5003.022592597641,1644.5,392
2017,RJ,2017-07,571,547,547,7496175,547,17,6779.988657399081,2268.5,538
2017,RJ,2017-08,562,537,537,7633429,537,16,6678.369120371062,2278.5,532
2017,RJ,2017-09,609,591,591,9305828,591,30,7637.862881945912,2491.5,584
2017,RJ,2017-10,668,654,654,9549224,654,45,8559.939745365176,2702.5,645
2017,RJ,2017-11,1048,1012,1012,14778240,1012,263,19465.381238427944,3684.0,1004
2017,RJ,2017-12,783,746,746,11225963,746,179,16294.780532406177,2583.0,732
2017,RN,2017-01,5,5,5,112487,5,0,51.46105324057862,24.0,5
2017,RN,2017-02,8,8,8,39890,8,0,142.42954861093313,35.0,8
2017,RN,2017-03,13,13,13,174172,13,3,413.0452430555597,54.0,13
2017,RN,2017-04,10,10,10,124387,10,0,190.85275462968275,47.0,10
2017,RN,2017-05,17,17,17,468356,17,0,268.48722222354263,71.0,17
2017,RN,2017-06,13,12,12,124136,12,1,242.74377314699814,47.0,12
2017,RN,2017-07,27,27,27,319399,27,3,647.7031134236604,107.0,27
2017,RN,2017-08,20,20,20,254541,20,2,391.7422106480226,91.0,20
2017,RN,2017-09,24,23,23,332004,23,3,496.62935185059905,86.0,23
2017,RN,2017-10,23,23,23,420247,23,1,423.1307523138821,95.0,23
2017,RN,2017-11,44,41,41,821566,41,8,849.6711805542,145.0,41
2017,RN,2017-12,30,30,30,316845,30,2,507.33877314673737,135.0,30
2017,RO,2017-01,3,3,3,68219,3,0,85.54475694475695,9.0,3
2017,RO,2017-02,11,9,9,144626,9,0,159.430497684516,39.0,9
2017,RO,2017-03,16,16,16,186486,16,2,345.2691550925374,61.0,16
2017,RO,2017-04,9,7,7,84358,7,1,141.6357175926678,30.0,7
2017,RO,2017-05,9,8,8,55146,8,0,135.34533564792946,29.0,7
2017,RO,2017-06,10,10,10,180092,10,0,179.99553240742534,48.0,10
2017,RO,2017-07,11,10,10,108372,10,0,184.9403703706339,44.0,10
2017,RO,2017-08,14,14,14,223688,14,0,246.86229166574776,61.0,14
2017,RO,2017-09,16,16,16,419799,16,0,280.36004629638046,67.0,16
2017,RO,2017-10,14,13,13,160997,13,0,217.6606250014156,58.0,13
2017,RO,2017-11,17,17,17,585216,17,0,291.1816898137331,67.0,17
2017,RO,2017-12,11,11,11,194958,11,0,232.9841550923884,41.0,11
2017,RR,2017-02,2,2,2,5080,2,0,18.605567129794508,8.0,2
2017,RR,2017-03,2,2,2,27099,2,1,205.01693287026137,8.0,2
2017,RR,2017-04,2,2,2,4895,2,0,44.310069444123656,7.0,2
2017,RR,2017-05,2,2,2,23311,2,0,56.68997685145587,8.0,2
2017,RR,2017-06,3,3,3,9340,3,0,59.261851851828396,14.0,3
2017,RR,2017-07,1,1,1,17990,1,0,8.518344907090068,5.0,1
2017,RR,2017-09,1,1,1,3999,1,0,17.039849537424743,4.0,1
2017,RR,2017-10,3,3,3,38898,3,1,100.17667824123055,11.0,3
2017,RR,2017-11,2,2,2,9864,2,1,68.22877314779907,6.0,2
2017,RS,2017-01,54,52,52,1190398,52,1,675.5131250009872,219.0,51
2017,RS,2017-02,105,100,100,1500374,100,3,1470.4046180569567,431.0,100
2017,RS,2017-03,151,144,144,1952764,144,2,2054.522384262178,608.0,144
2017,RS,2017-04,139,132,132,1656179,132,3,1900.7712847245857,549.0,132
2017,RS,2017-05,208,206,206,2840776,205,1,2362.3004745403305,884.0,205
2017,RS,2017-06,221,215,215,2351982,215,1,2669.167789355386,977.0,215
2017,RS,2017-07,249,242,242,2882399,242,6,3240.5746759241447,1035.0,241
2017,RS,2017-08,299,296,296,3349124,296,22,4501.051793985069,1253.0,295
2017,RS,2017-09,278,273,273,3705827,273,5,3800.548657405656,1186.0,273
2017,RS,2017-10,252,244,244,3712633,244,5,3523.911018522922,1017.5,242
2017,RS,2017-11,422,409,409,5746327,409,52,7772.598298609257,1572.5,407
2017,RS,2017-12,283,278,278,4190495,278,28,5591.917476851959,1097.0,275
2017,SC,2017-01,31,26,26,502157,26,1,436.27376157511026,110.0,26
2017,SC,2017-02,59,57,57,597785,57,3,898.4870717590675,218.0,55
2017,SC,2017-03,110,104,104,1800451,104,19,1816.6806018538773,416.0,103
2017,SC,2017-04,105,100,100,1119900,100,9,1638.5285416636616,414.0,100
2017,SC,2017-05,152,146,146,2118279,146,7,2094.5242361119017,583.0,142
2017,SC,2017-06,116,109,109,1287444,109,4,1573.463043980766,452.0,108
2017,SC,2017-07,158,152,152,1851748,152,7,1990.567453702446,663.0,152
2017,SC,2017-08,159,152,152,2179822,152,4,2002.38151620375,646.5,152
2017,SC,2017-09,156,153,153,2554513,153,11,2201.984074076172,646.0,153
2017,SC,2017-10,178,174,174,2102255,174,8,2250.443842591718,731.0,173
2017,SC,2017-11,303,288,288,3787090,288,43,5075.174780086614,1124.0,286
2017,SC,2017-12,193,192,192,2423489,192,8,3415.74693286838,791.0,191
2017,SE,2017-01,4,4,4,26380,4,0,53.003587963059545,19.0,4
2017,SE,2017-02,12,12,12,186182,12,0,224.59393518511206,49.0,12
2017,SE,2017-03,25,22,22,243870,22,3,815.7210995359346,79.0,22
2017,SE,2017-04,13,13,13,259517,13,4,381.95149305509403,46.0,12
2017,SE,2017-05,11,11,11,68109,11,0,218.3232870362699,51.0,11
2017,SE,2017-06,9,8,8,130801,8,0,161.72149305511266,29.0,8
2017,SE,2017-07,14,13,13,137209,13,0,248.09741898206994,51.0,13
2017,SE,2017-08,20,19,19,352169,19,2,335.53820601897314,81.0,19
2017,SE,2017-09,16,16,16,281529,16,2,328.83938657399267,63.0,16
2017,SE,2017-10,22,22,22,429421,22,6,517.9605787042528,73.0,22
2017,SE,2017-11,27,26,26,557925,26,7,687.6666319440119,86.0,26
2017,SE,2017-12,20,20,20,314778,20,3,489.94631944503635,86.0,20
2017,SP,2017-01,299,283,283,3961474,283,8,2975.934108797461,1177.0,280
2017,SP,2017-02,654,601,601,7392894,601,18,5914.107604163699,2547.0,600
2017,SP,2017-03,1010,966,966,13172093,966,22,9253.14475694811,4075.0,957
2017,SP,2017-04,908,873,873,12344571,873,61,10502.822928248439,3591.5,869
2017,SP,2017-05,1425,1363,1363,17154035,1363,58,12167.542453707661,5740.5,1351
2017,SP,2017-06,1331,1284,1284,16899476,1284,42,11913.836238422897,5365.0,1272
2017,SP,2017-07,1604,1543,1543,17814564,1543,28,12333.293819443323,6602.833333333333,1536
2017,SP,2017-08,1729,1665,1665,19187059,1665,34,12422.322395829484,7251.5,1654
2017,SP,2017-09,1638,1576,1576,21145130,1576,49,13273.072083347943,6744.0,1562
2017,SP,2017-10,1793,1723,1723,21980408,1723,56,14295.760995355435,7241.5,1712
2017,SP,2017-11,3012,2899,2899,35079018,2898,202,30986.929837957025,11932.0,2879
2017,SP,2017-12,2357,2295,2295,27495174,2295,72,23454.134537038393,9749.5,2277
2017,TO,2017-01,2,2,2,62989,2,0,26.64049768494442,9.0,2
2017,TO,2017-02,7,7,7,76560,7,0,112.60851851804182,30.0,7
2017,TO,2017-03,8,7,7,64866,7,0,118.5885069440119,30.0,7
2017,TO,2017-04,14,13,13,284326,13,2,292.20920138806105,58.0,13
2017,TO,2017-05,18,17,17,207343,17,0,219.35226851748303,66.0,16
2017,TO,2017-06,8,8,8,396518,8,0,120.07894675945863,38.0,8
2017,TO,2017-07,1,1,1,9750,1,0,18.094814815092832,4.0,1
2017,TO,2017-08,15,15,15,213257,15,0,212.95358796371147,73.0,15
2017,TO,2017-09,17,16,16,369313,16,0,310.8394444445148,69.0,16
2017,TO,2017-10,13,13,13,280885,13,0,180.6975925923325,51.0,13
2017,TO,2017-11,17,17,17,233606,17,3,336.5072685177438,69.0,17
2017,TO,2017-12,14,14,14,145701,14,0,265.077511575073,60.0,14
2018,AC,2018-01,6,6,6,88294,6,0,112.4545138888061,25.0,6
2018,AC,2018-02,3,3,3,20183,3,0,69.41945601860061,14.0,3
2018,AC,2018-03,2,2,2,9780,2,0,71.30197916645557,6.0,2
2018,AC,2018-04,4,4,4,42298,4,1,141.26314814807847,13.0,4
2018,AC,2018-05,2,2,2,136489,2,0,41.17041666666046,8.0,2
2018,AC,2018-06,3,3,3,42790,3,0,34.39517361111939,14.0,3
2018,AC,2018-07,4,4,4,146997,4,0,55.41918981494382,18.0,4
2018,AC,2018-08,3,3,3,44669,3,0,40.92629629606381,15.0,3
2018,AL,2018-01,37,36,36,500928,36,12,1003.5272453706712,124.0,36
2018,AL,2018-02,27,27,27,459307,27,10,737.578229167033,84.0,26
2018,AL,2018-03,30,27,27,640695,27,9,656.031238425523,100.0,27
2018,AL,2018-04,28,27,27,595623,27,7,642.9356481493451,96.0,27
2018,AL,2018-05,19,19,19,365709,19,2,408.2694444437511,87.0,19
2018,AL,2018-06,24,24,24,373060,24,0,492.2664814814925,110.0,24
2018,AL,2018-07,23,22,22,385633,22,4,513.1750347223133,87.0,22
2018,AL,2018-08,16,16,16,225328,16,0,229.29137731529772,70.0,16
2018,AM,2018-01,12,12,12,292565,12,0,375.1647453708574,42.0,12
2018,AM,2018-02,8,8,8,202862,8,1,264.7489236118272,26.0,8
2018,AM,2018-03,9,8,8,97316,8,2,313.0474421293475,35.0,8
2018,AM,2018-04,6,6,6,66779,6,0,158.29251157445833,28.0,6
2018,AM,2018-05,9,9,9,181180,9,0,238.4275231482461,44.0,9
2018,AM,2018-06,7,7,7,92472,7,0,129.73078703740612,28.0,7
2018,AM,2018-07,18,18,18,200491,18,0,400.9197106482461,72.0,18
2018,AM,2018-08,4,4,4,38070,4,0,78.26531250076368,15.0,4
2018,AP,2018-01,11,11,11,239367,11,0,274.3384606484324,42.0,11
2018,AP,2018-02,2,2,2,100790,2,0,44.289930555503815,8.0,2
2018,AP,2018-03,5,5,5,53539,5,0,160.95655092597008,18.0,5
2018,AP,2018-04,5,5,5,82270,5,0,136.03996527846903,17.0,4
2018,AP,2018-05,6,6,6,95568,6,0,142.49537037033588,29.0,6
2018,AP,2018-06,2,2,2,16748,2,0,34.38681712979451,9.0,2
2018,AP,2018-07,6,6,6,135084,6,0,186.29462962923571,23.0,6
2018,AP,2018-08,2,2,2,19400,2,0,33.30590277770534,10.0,2
2018,BA,2018-01,239,228,228,3639514,228,15,4322.791898146737,859.0,224
2018,BA,2018-02,214,208,208,3158302,208,40,4845.167708336376,759.5,208
2018,BA,2018-03,249,235,235,3496593,235,74,5479.771817128174,805.0,234
2018,BA,2018-04,225,216,216,3027885,216,40,4843.788969906978,819.0,213
2018,BA,2018-05,241,237,237,3497044,237,47,4826.066145837773,900.0,235
2018,BA,2018-06,201,198,198,3470958,198,11,3579.589583328925,807.0,197
2018,BA,2018-07,250,245,245,4186901,245,15,3323.172604169231,1032.0,243
2018,BA,2018-08,165,159,159,2111385,159,1,1830.0564930504188,683.0,159
2018,CE,2018-01,90,77,77,1206416,77,9,1904.8101967577823,290.0,74
2018,CE,2018-02,88,84,84,987128,84,33,2575.748611111194,248.0,84
2018,CE,2018-03,98,93,93,1815589,93,47,2764.574722219724,282.0,92
2018,CE,2018-04,100,96,96,1642194,96,23,2321.7746759266593,364.0,96
2018,CE,2018-05,74,72,72,1193056,72,8,1526.2498958352953,308.0,72
2018,CE,2018-06,74,72,72,1624042,72,0,1099.0551273138262,314.0,72
2018,CE,2018-07,87,84,84,1348742,84,1,1068.8312037042342,361.0,84
2018,CE,2018-08,57,55,55,945704,55,0,724.881180556491,241.0,55
2018,DF,2018-01,138,135,135,1743568,135,4,1736.329988420941,547.0,134
2018,DF,2018-02,172,170,170,2114548,170,20,3205.66488426039,653.5,170
2018,DF,2018-03,150,147,147,2052053,147,27,2393.5835185162723,551.0,145
2018,DF,2018-04,148,146,146,1818679,146,3,1652.8276041685604,610.0,144
2018,DF,2018-05,144,140,140,2518260,140,13,1667.1069907383062,591.0,139
2018,DF,2018-06,150,147,147,1924682,147,1,1343.209131943062,638.0,146
2018,DF,2018-07,166,165,165,2268544,165,7,1548.8036689851433,711.0,165
2018,DF,2018-08,145,143,143,1988160,143,5,1307.2703472250141,606.0,143
2018,ES,2018-01,147,145,145,2009542,145,14,2402.9627893515863,615.0,144
2018,ES,2018-02,152,149,149,1699413,149,18,2893.273761569988,585.0,147
2018,ES,2018-03,134,133,133,1717277,133,55,2890.1509837969206,429.5,130
2018,ES,2018-04,142,140,140,1556457,140,22,2463.5118749979883,542.0,138
2018,ES,2018-05,134,132,132,1865284,132,21,2115.79226851929,537.0,130
2018,ES,2018-06,124,123,123,1710296,123,5,1686.1807638877071,504.0,123
2018,ES,2018-07,123,122,122,3000136,122,9,1499.7413078681566,516.0,120
2018,ES,2018-08,105,103,103,1644704,103,0,1038.283981481567,445.0,103
2018,GO,2018-01,146,144,144,1671329,144,7,2314.5479629617184,579.0,143
2018,GO,2018-02,149,146,146,1770223,146,23,2932.14444444282,548.5,144
2018,GO,2018-03,146,141,141,1808141,141,28,2658.365729167126,536.0,141
2018,GO,2018-04,136,132,132,1883867,132,6,2025.2919328734279,555.0,131
2018,GO,2018-05,139,136,136,2390525,136,7,1885.6698726858012,538.0,136
2018,GO,2018-06,105,105,105,1435806,105,1,1256.0512731499039,447.0,105
2018,GO,2018-07,115,112,112,2050330,112,5,1362.6763425925747,468.0,112
2018,GO,2018-08,120,117,117,1802899,117,3,1222.2296296255663,507.0,117
2018,MA,2018-01,57,55,55,870652,55,4,1082.7167129633017,222.0,54
2018,MA,2018-02,56,55,55,987781,55,18,1610.0595023157075,183.0,55
2018,MA,2018-03,53,49,49,791376,49,25,1297.0406712954864,157.0,48
2018,MA,2018-04,46,46,46,792993,46,6,920.9517939821817,187.0,46
2018,MA,2018-05,32,32,32,708404,32,2,601.2720486097969,129.0,32
2018,MA,2018-06,42,41,41,590948,41,5,820.0385763878003,165.0,41
2018,MA,2018-07,40,39,39,589544,39,7,691.0700578708202,150.0,39
2018,MA,2018-08,30,29,29,414430,29,2,367.71879629651085,124.0,29
2018,MG,2018-01,863,846,846,11354388,846,26,10806.409594909754,3529.5,843
2018,MG,2018-02,804,790,790,10674623,790,66,12451.57355324179,3156.0,783
2018,MG,2018-03,879,856,856,11485797,856,175,14349.614803240169,3132.0,847
2018,MG,2018-04,786,778,778,10985150,778,19,8652.337326389737,3280.0,775
2018,MG,2018-05,762,751,751,10177835,751,69,9020.176874996163,3133.5,747
2018,MG,2018-06,717,714,714,10575772,714,1,6101.107800927479,3078.0,708
2018,MG,2018-07,658,644,644,9232816,644,8,5425.531643521506,2757.0,641
2018,MG,2018-08,708,700,700,9530839,700,12,5284.123067135923,3056.5,698
2018,MG,2018-09,4,0,0,0,0,0,0,0,0
2018,MS,2018-01,70,70,70,1010076,70,3,1073.7604398168623,302.0,70
2018,MS,2018-02,64,64,64,859319,64,13,1356.2831828705966,244.0,64
2018,MS,2018-03,59,57,57,700998,57,23,1249.724513891153,187.0,57
2018,MS,2018-04,43,43,43,587585,43,3,707.2546643507667,172.0,43
2018,MS,2018-05,45,44,44,992306,44,4,597.632407407742,195.0,44
2018,MS,2018-06,49,49,49,888725,49,1,590.1594444448128,210.0,48
2018,MS,2018-07,49,49,49,681083,49,2,565.3211342580616,214.0,49
2018,MS,2018-08,35,35,35,555143,35,10,518.0698148179799,137.0,35
2018,MT,2018-01,85,83,83,1053570,83,3,1599.208715277724,336.0,82
2018,MT,2018-02,67,67,67,817269,67,8,1486.1914120377041,268.0,67
2018,MT,2018-03,55,52,52,821374,52,13,1203.0494560180232,189.0,51
2018,MT,2018-04,65,64,64,1135449,64,1,1160.5747685171664,287.0,64
2018,MT,2018-05,67,66,66,1226185,66,2,1081.463194445707,289.0,66
2018,MT,2018-06,58,58,58,1033529,58,1,854.2356134238653,238.0,57
2018,MT,2018-07,47,47,47,1059964,47,0,598.347384260036,209.0,47
2018,MT,2018-08,40,39,39,461924,39,0,449.1658564824611,174.0,39
2018,PA,2018-01,70,69,69,1398787,69,6,1786.2323032426648,256.0,68
2018,PA,2018-02,58,57,57,892171,57,7,1687.9454050906934,215.0,56
2018,PA,2018-03,73,67,67,1193721,67,34,2537.086296296213,167.0,65
2018,PA,2018-04,71,66,66,1115598,66,20,2073.431377314497,203.0,60
2018,PA,2018-05,40,40,40,745564,40,5,1017.9443749999627,158.0,39
2018,PA,2018-06,54,54,54,935821,54,0,963.7285763872787,239.0,54
2018,PA,2018-07,57,57,57,1319594,57,3,872.1206597224809,244.0,57
2018,PA,2018-08,44,43,43,892878,43,0,598.2096759271808,193.0,43
2018,PB,2018-01,31,31,31,680029,31,4,686.4618171299808,137.0,31
2018,PB,2018-02,35,35,35,475080,35,3,675.3336689816788,135.0,35
2018,PB,2018-03,39,39,39,608700,39,5,880.4716087966226,159.0,39
2018,PB,2018-04,31,28,28,421525,28,6,665.819293981418,101.0,28
2018,PB,2018-05,29,29,29,486044,29,1,600.1134722232819,131.0,29
2018,PB,2018-06,28,28,28,1299383,28,1,446.97898147953674,114.0,28
2018,PB,2018-07,52,51,51,1518868,51,2,753.0753356483765,212.0,51
2018,PB,2018-08,30,28,28,766963,28,2,375.3848148160614,119.0,28
2018,PE,2018-01,104,102,102,1394263,102,8,1962.2244560131803,414.0,101
2018,PE,2018-02,125,121,121,1665403,121,14,2522.006168980617,476.0,117
2018,PE,2018-03,108,107,107,2270239,107,22,2302.999733794015,408.0,106
2018,PE,2018-04,114,110,110,1707161,110,15,2282.4755208343267,408.0,109
2018,PE,2018-05,106,102,102,1358403,102,12,1870.4209606493823,412.0,101
2018,PE,2018-06,94,91,91,1423194,91,2,1138.0087268510833,410.0,91
2018,PE,2018-07,137,136,136,2435904,136,8,1786.0135763850994,587.0,136
2018,PE,2018-08,85,83,83,1164823,83,4,1017.8774652746506,354.0,83
2018,PI,2018-01,48,47,47,672417,47,5,913.2029282408766,189.0,47
2018,PI,2018-02,34,32,32,421082,32,7,729.5263425926678,114.0,32
2018,PI,2018-03,35,34,34,655729,34,10,756.6823842590675,116.0,33
2018,PI,2018-04,37,34,34,1036504,34,4,556.1591203692369,142.0,34
2018,PI,2018-05,31,30,30,667571,30,6,632.0281712966971,118.0,30
2018,PI,2018-06,29,29,29,484570,29,9,664.4640972218476,107.0,29
2018,PI,2018-07,32,32,32,693347,32,2,493.18158564763144,125.0,31
2018,PI,2018-08,21,20,20,292323,20,0,237.90714120306075,81.0,20
2018,PI,2018-10,1,0,0,0,0,0,0,0,0
2018,PR,2018-01,378,371,371,4399860,371,6,5103.274606478866,1547.0,368
2018,PR,2018-02,342,335,335,4475211,335,30,4951.682488427963,1363.0,333
2018,PR,2018-03,377,369,369,4998331,369,49,5651.169629637152,1441.0,368
2018,PR,2018-04,386,381,381,6591488,381,5,3874.3518865709193,1637.0,380
2018,PR,2018-05,311,308,308,4615308,308,23,3792.739409726113,1300.0,307
2018,PR,2018-06,308,306,306,4221186,306,0,2704.291122688446,1300.0,304
2018,PR,2018-07,320,314,314,4510895,314,6,2713.8986226832494,1379.0,312
2018,PR,2018-08,333,327,327,3850040,327,10,2640.8858912009746,1436.0,326
2018,RJ,2018-01,893,850,850,11726805,850,111,15607.397430551704,3240.5,840
2018,RJ,2018-02,922,879,879,11051797,879,299,20935.81289352337,2869.3333333333335,869
2018,RJ,2018-03,907,864,864,11306284,864,298,20991.23791666096,2763.0,848
2018,RJ,2018-04,834,807,807,11905534,807,39,11526.070092586335,3285.5,799
2018,RJ,2018-05,833,816,816,12410210,816,56,10813.88627315173,3341.0,814
2018,RJ,2018-06,716,707,707,10012389,707,9,7464.278310188092,2980.0,702
2018,RJ,2018-07,717,696,696,9703340,696,17,6656.8698842534795,2976.0,688
2018,RJ,2018-08,745,723,723,9377055,723,42,5992.97913194634,3055.0,719
2018,RJ,2018-09,3,0,0,0,0,0,0,0,0
2018,RJ,2018-10,1,0,0,0,0,0,0,0,0
2018,RN,2018-01,46,42,42,552785,42,1,645.3300925921649,188.0,42
2018,RN,2018-02,23,23,23,320487,23,2,480.7257870370522,101.0,23
2018,RN,2018-03,39,38,38,718393,38,7,916.052766204346,150.5,38
2018,RN,2018-04,32,32,32,600174,32,10,874.4835763890296,105.0,31
2018,RN,2018-05,22,22,22,423302,22,1,386.00443286960945,89.0,22
2018,RN,2018-06,36,35,35,649346,35,0,482.39524305518717,153.0,35
2018,RN,2018-07,29,29,29,841543,29,0,378.5907407407649,119.0,27
2018,RN,2018-08,20,20,20,523637,20,0,240.31215277779847,92.0,20
2018,RO,2018-01,20,20,20,228676,20,1,494.3851620364003,82.0,20
2018,RO,2018-02,14,13,13,157938,13,0,277.4832638897933,58.0,13
2018,RO,2018-03,13,13,13,272689,13,3,341.1671180552803,44.0,13
2018,RO,2018-04,11,11,11,349977,11,0,247.9399884263985,48.0,11
2018,RO,2018-05,17,17,17,225524,17,0,358.753240740858,71.0,17
2018,RO,2018-06,12,11,11,192157,11,0,173.30238426011056,42.0,11
2018,RO,2018-07,16,16,16,450380,16,0,212.30189814791083,70.0,16
2018,RO,2018-08,9,8,8,278978,8,0,100.86164351878688,39.0,8
2018,RR,2018-01,2,1,1,12900,1,0,25.007303240709007,3.0,1
2018,RR,2018-02,5,3,3,12999,3,1,142.72429398074746,9.0,3
2018,RR,2018-03,6,5,5,170478,5,0,161.06292824121192,19.0,5
2018,RR,2018-04,2,2,2,71265,2,1,85.48609953699633,6.0,2
2018,RR,2018-05,1,1,1,8990,1,0,18.361585648264736,4.0,1
2018,RR,2018-06,5,5,5,133199,5,0,91.69105324102566,19.0,5
2018,RR,2018-07,5,5,5,151470,5,0,94.12501157354563,25.0,5
2018,RS,2018-01,373,367,367,4621429,367,30,6978.065335646737,1491.0,366
2018,RS,2018-02,368,363,363,4636001,363,48,7711.028125000652,1435.5,361
2018,RS,2018-03,418,407,407,5606840,407,78,8103.384432869032,1541.0,406
2018,RS,2018-04,349,345,345,5016545,345,12,4602.269733794965,1468.0,344
2018,RS,2018-05,351,350,350,5050155,350,10,4703.964108798187,1505.0,349
2018,RS,2018-06,305,304,304,4409383,304,4,3664.1384953670204,1334.0,303
2018,RS,2018-07,316,308,308,3933314,308,5,3205.0974884280004,1328.0,308
2018,RS,2018-08,300,293,293,4284447,293,9,2911.529085652437,1292.0,292
2018,SC,2018-01,314,311,311,3719263,311,31,5985.4578125081025,1213.5,305
2018,SC,2018-02,257,254,254,3188625,254,61,5531.171377311461,914.0,252
2018,SC,2018-03,252,247,247,3630036,247,48,4260.683055560105,939.0,244
2018,SC,2018-04,246,245,245,4455586,245,5,2943.355752315838,1069.0,243
2018,SC,2018-05,227,226,226,3570400,226,12,3031.507430558093,968.0,225
2018,SC,2018-06,205,205,205,3274072,205,0,2054.4905324028805,877.0,205
2018,SC,2018-07,198,195,195,3092399,195,4,1844.2272222233005,861.0,195
2018,SC,2018-08,206,201,201,3222093,201,6,1819.3480671280995,874.0,200
2018,SC,2018-09,1,0,0,0,0,0,0,0,0
2018,SE,2018-01,20,19,19,303830,19,1,371.04497685143724,83.0,19
2018,SE,2018-02,15,15,15,448691,15,2,274.9001851850189,66.0,15
2018,SE,2018-03,18,17,17,252842,17,11,435.6436574072577,43.0,17
2018,SE,2018-04,14,13,13,310942,13,6,380.8472685185261,37.0,13
2018,SE,2018-05,8,8,8,108318,8,2,157.66307870391756,27.0,8
2018,SE,2018-06,28,25,25,328622,25,0,368.90306713059545,111.0,25
2018,SE,2018-07,28,26,26,431935,26,2,375.6228472231887,111.0,26
2018,SE,2018-08,23,23,23,455804,23,0,289.6307407412678,100.0,23
2018,SP,2018-01,3052,2975,2975,36861143,2975,102,29672.645798604935,12391.0,2956
2018,SP,2018-02,2703,2632,2632,30782915,2632,193,30133.68525460409,10660.0,2617
2018,SP,2018-03,3037,2971,2971,37703434,2971,280,30911.42363425903,12207.5,2959
2018,SP,2018-04,3059,3002,3002,39124699,3002,51,21915.276562512852,12840.0,2988
2018,SP,2018-05,3207,3138,3138,42462836,3138,136,25225.980324048083,13501.5,3127
2018,SP,2018-06,2773,2738,2738,34059694,2735,20,17830.163854160346,11833.0,2729
2018,SP,2018-07,2777,2715,2715,32164725,2712,100,18204.706134265754,11661.0,2694
2018,SP,2018-08,3253,3164,3164,38773371,3164,285,19603.30549770454,13506.0,3152
2018,SP,2018-09,8,0,0,0,0,0,0,0,0
2018,SP,2018-10,2,0,0,0,0,0,0,0,0
2018,TO,2018-01,17,16,16,212104,16,0,295.74383101798594,67.0,16
2018,TO,2018-02,21,20,20,263565,20,9,549.2079050922766,65.0,20
2018,TO,2018-03,20,20,20,457381,20,5,422.49686342664063,69.0,20
2018,TO,2018-04,19,19,19,429182,19,1,317.0295254634693,81.0,19
2018,TO,2018-05,16,16,16,273999,16,4,305.86696759285405,62.0,16
2018,TO,2018-06,18,18,18,404942,18,0,255.021504629869,73.0,18
2018,TO,2018-07,22,22,22,261367,22,1,320.2297569452785,100.0,22
2018,TO,2018-08,13,13,13,192597,13,2,159.06464120466262,60.0,13
