seller_id,seller_city,seller_state,eligible_orders,late_orders,late_pct
4a3ca9315b744ce9f8e9374361493884,ibitinga,SP,1673,168,10.0418410041841
1f50f920176fa81dab994f9023523100,sao jose do rio preto,SP,1364,124,9.090909090909092
4869f7a5dfa277a7dca6462dcf3b52b2,guariba,SP,1111,118,10.621062106210621
ea8482cd71df3c1969d7b9473ff13abc,sao paulo,SP,1116,96,8.602150537634408
6560211a19b47992c3666cc44a7e94c0,sao paulo,SP,1788,95,5.313199105145414
7c67e1448b00f6e969d365cea6b010ab,itaquaquecetuba,SP,963,89,9.241952232606438
cc419e0650a3c5ba77189a1882b7556a,santo andre,SP,1646,87,5.285540704738761
da8622b14eb17ae2831f4ac5b9dab84a,piracicaba,SP,1272,85,6.682389937106918
8b321bb669392f5163d04c59e235e066,sao paulo,SP,917,80,8.724100327153762
955fee9216a65b617aa5c0531780ce60,sao paulo,SP,1252,77,6.1501597444089455
06a2c3af7b3aee5d69171b0e14f0ee87,sao luis,MA,388,74,19.072164948453608
1025f0e2d44d7041d6cf58b6550e0bfa,sao paulo,SP,879,72,8.19112627986348
7d13fca15225358621be4086e1eb0964,ribeirao preto,SP,548,64,11.678832116788321
620c87c171fb2a6dd6e8bb4dec959fc6,petropolis,RJ,717,63,8.786610878661088
7a67c85e85bb2ce8582c35f2203ad736,sao paulo,SP,1120,60,5.357142857142857
3d871de0142ce09b7081e2b9d1733cb1,campo limpo paulista,SP,1044,58,5.555555555555555
fa1c13f2614d7b5c4749cbc52fecda94,sumare,SP,566,53,9.363957597173146
8160255418d5aaa7dbdc9f4c64ebda44,ibitinga,SP,355,51,14.366197183098592
1835b56ce799e6a4dc4eddc053f04066,ibitinga,SP,375,43,11.466666666666667
391fc6631aebcf3004804e51b40bcf1e,ibitinga,SP,490,42,8.571428571428571
88460e8ebdecbfecb5f9601833981930,maringa,PR,227,42,18.502202643171806
e9779976487b77c6d4ac45f75ec7afe9,praia grande,SP,631,39,6.180665610142631
855668e0971d4dfd7bef1b6a4133b41b,itatiba,SP,296,38,12.837837837837839
4e922959ae960d389249c378d1c939f5,jacarei,SP,411,37,9.002433090024331
a1043bafd471dff536d0c462352beb48,ilicinea,MG,694,35,5.043227665706052
e5a3438891c0bfdb9394643f95273d8e,limeira,SP,213,34,15.96244131455399
1900267e848ceeba8fa32d80c1a5f5a8,ibitinga,SP,359,33,9.192200557103064
218d46b86c1881d022bce9c68a7d4b15,ribeirao preto,SP,371,33,8.89487870619946
16090f2ca825584b5a147ab24aa30c86,atibaia,SP,397,32,8.060453400503778
897060da8b9a21f655304d50fd935913,ribeirao preto,SP,298,32,10.738255033557047
cca3071e3e9bb7d12640c9fbe2301306,ibitinga,SP,665,32,4.81203007518797
8581055ce74af1daba164fdbd55a40de,guarulhos,SP,375,31,8.266666666666667
f7ba60f8c3f99e7ee4042fdef03b70c4,sao bernardo do campo,SP,213,30,14.084507042253522
46dc3b2cc0980fb8ec44634e21d2718e,rio de janeiro,RJ,499,29,5.811623246492986
70a12e78e608ac31179aea7f8422044b,jacarei,SP,307,29,9.446254071661238
77530e9772f57a62c906e1c21538ab82,curitiba,PR,297,29,9.764309764309765
f8db351d8c4c4c22c6835c19a46f01b0,salto,SP,646,28,4.3343653250774
7ddcbb64b5bc1ef36ca8c151f6ec77df,sao paulo,SP,324,27,8.333333333333334
d2374cbcbb3ca4ab1086534108cc3ab7,ibitinga,SP,489,27,5.521472392638037
c826c40d7b19f62a09e2d7c5e7295ee2,guarulhos,SP,344,26,7.558139534883721
fe2032dab1a61af8794248c8196565c9,campinas,SP,288,26,9.027777777777779
634964b17796e64304cadf1ad3050fb7,rio de janeiro,RJ,257,25,9.727626459143968
7aa4334be125fcdd2ba64b3180029f14,laranjal paulista,SP,211,25,11.848341232227488
c3867b4666c7d76867627c2f7fb22e21,guara,SP,221,25,11.312217194570136
ef506c96320abeedfb894c34db06f478,sao paulo,SP,309,25,8.090614886731391
4c2b230173bb36f9b240f2b8ac11786e,sao paulo,SP,253,24,9.486166007905139
7142540dd4c91e2237acb7e911c4eba2,penapolis,SP,311,23,7.395498392282958
128639473a139ac0f3e5f5ade55873a5,maringa,PR,520,22,4.230769230769231
53e4c6e0f4312d4d2107a8c9cddf45cd,pedreira,SP,444,22,4.954954954954955
b2ba3715d723d245138f291a6fe42594,sao paulo,SP,320,22,6.875
2eb70248d66e0e3ef83659f71b244378,campinas,SP,185,21,11.35135135135135
d91fb3b7d041e83b64a00a3edfb37e4f,praia grande,SP,524,20,3.816793893129771
17e34d8224d27a541263c4c64b11a56b,riberao preto,SP,246,19,7.723577235772358
2c9e548be18521d1c43cde1c582c6de8,mogi das cruzes,SP,123,19,15.447154471544716
7ad32824caee82087b3e2e5f33b1bf32,ibitinga,SP,140,19,13.571428571428571
8f2ce03f928b567e3d56181ae20ae952,pirituba,SP,151,19,12.582781456953642
b499c00f28f4b7069ff6550af8c1348a,limeira,SP,141,19,13.47517730496454
cd68562d3f44870c08922d380acae552,ribeirao preto,SP,122,19,15.573770491803279
1ca7077d890b907f89be8c954a02686a,santana de parnaiba,SP,106,18,16.9811320754717
2138ccb85b11a4ec1e37afbd1c8eda1f,sao paulo,SP,374,18,4.81283422459893
37515688008a7a40ac93e3b2e4ab203f,dracena,SP,221,18,8.144796380090497
5dceca129747e92ff8ef7a997dc4f8ca,santa barbara d´oeste,SP,317,18,5.678233438485805
7e1fb0a3ebfb01ffb3a7dae98bf3238d,franca,SP,154,18,11.688311688311689
0dd184061fb0eaa7ca37932c68ab91c5,guarulhos,SP,156,17,10.897435897435898
a416b6a846a11724393025641d4edd5e,sao paulo,SP,157,17,10.828025477707007
b33e7c55446eabf8fe1a42d037ac7d6d,pradopolis,SP,146,17,11.643835616438356
2e90cb1677d35cfe24eef47d441b7c87,sao paulo,SP,126,16,12.698412698412698
431af27f296bc6519d890aa5a05fdb11,ribeirao preto,SP,114,16,14.035087719298245
7040e82f899a04d1b434b795a43b4617,sao paulo,SP,203,16,7.8817733990147785
7d76b645482be4a332374e8223836592,sao paulo,SP,168,16,9.523809523809524
92eb0f42c21942b6552362b9b114707d,sao paulo,SP,328,16,4.878048780487805
9f505651f4a6abe901a56cdc21508025,sao paulo,SP,390,16,4.102564102564102
e9bc59e7b60fc3063eb2290deda4cced,maringa,PR,200,16,8.0
fa40cc5b934574b62717c68f3d678b6d,sao paulo,SP,299,16,5.351170568561873
1554a68530182680ad5c8b042c3ab563,monte siao,MG,242,15,6.198347107438017
522620dcb18a6b31cd7bdf73665113a9,cascavel,PR,170,15,8.823529411764707
54a1852d1b8f10312c55e906355666ee,santa barbara d'oeste,SP,197,15,7.614213197969543
7e93a43ef30c4f03f38b393420bc753a,barueri,SP,315,15,4.761904761904762
8b28d096634035667e8263d57ba3368c,sao jose dos campos,SP,135,15,11.11111111111111
dd7ddc04e1b6c2c614352b383efe2d36,sao paulo,SP,114,15,13.157894736842104
4d6d651bd7684af3fffabd5f08d12e5a,jau,SP,357,14,3.9215686274509802
59b22a78efb79a4797979612b885db36,uberlandia,MG,123,14,11.382113821138212
7299e27ed73d2ad986de7f7c77d919fa,araguari,MG,330,14,4.242424242424242
c31eff8334d6b3047ed34bebd4d62c36,salto,SP,116,14,12.068965517241379
c70c1b0d8ca86052f45a432a38b73958,hortolandia,SP,258,14,5.426356589147287
d1c281d3ae149232351cd8c8cc885f0d,ibitinga,SP,192,14,7.291666666666667
dc4a0fc896dc34b0d5bfec8438291c80,ibitinga,SP,211,14,6.6350710900473935
f262cbc1c910c83959f849465454ddd3,sao paulo,SP,188,14,7.446808510638298
4b9750c8ad28220fe6702d4ecb7c898f,limeira,SP,214,13,6.074766355140187
8d956fec2e4337affcb520f56fd8cbfd,sao bernardo do campo,SP,208,13,6.25
9c0e69c7bf2619675bbadf47b43f655a,sao jose dos campos,SP,137,13,9.489051094890511
a673821011d0cec28146ea42f5ab767f,sao paulo,SP,116,13,11.206896551724139
cbd996ad3c1b7dc71fd0e5f5df9087e2,sao jose do rio preto,SP,159,13,8.176100628930818
cfb1a033743668a192316f3c6d1d2671,votorantim,SP,128,13,10.15625
e9d99831abad74458942f21e16f33f92,sao paulo,SP,129,13,10.077519379844961
f45122a9ab94eb4f3f8953578bc0c560,piracicaba,SP,179,13,7.262569832402234
001cca7ae9ae17fb1caed9dfb1094831,cariacica,ES,194,12,6.185567010309279
1da3aeb70d7989d1e6d9b0e887f97c23,sao paulo,SP,254,12,4.724409448818897
53243585a1d6dc2643021fd1853d8905,lauro de freitas,BA,348,12,3.4482758620689653
76d5af76d0271110f9af36c92573f765,sao paulo,SP,125,12,9.6
87142160b41353c4e5fca2360caf6f92,porto alegre,RS,301,12,3.9867109634551494
ccc4bbb5f32a6ab2b7066a4130f114e3,curitiba,PR,181,12,6.629834254143646
de23c3b98a88888289c6f5cc1209054a,sao paulo,SP,157,12,7.643312101910828
de722cd6dad950a92b7d4f82673f8833,recife,PE,335,12,3.582089552238806
edb1ef5e36e0c8cd84eb3c9b003e486d,teresopolis,RJ,163,12,7.361963190184049
0241d4d5d36f10f80c644447315af0bd,curitiba,PR,224,11,4.910714285714286
25c5c91f63607446a97b143d2d535d31,itauna,MG,147,11,7.482993197278912
66922902710d126a0e7d26b0e3805106,belo horizonte,MG,148,11,7.4324324324324325
85d9eb9ddc5d00ca9336a2219c97bb13,belo horizonte,MG,497,11,2.2132796780684103
a3a38f4affed601eb87a97788c949667,joinville,SC,246,11,4.471544715447155
a3e9a2c700480d9bb01fba070ba80a0e,ibitinga,SP,118,11,9.322033898305085
f457c46070d02cadd8a68551231220dd,maringa,PR,169,11,6.508875739644971
004c9cd9d87a3c30c522c48c4fc07416,ibitinga,SP,155,10,6.451612903225806
00ee68308b45bc5e2660cd833c3f81cc,sao paulo,SP,130,10,7.6923076923076925
0be8ff43f22e456b4e0371b2245e4d01,sao paulo,SP,150,10,6.666666666666667
213b25e6f54661939f11710a6fddb871,salto,SP,135,10,7.407407407407407
2e1c9f22be269ef4643f826c9e650a52,sao paulo,SP,159,10,6.289308176100629
4830e40640734fc1c52cd21127c341d4,sao paulo,SP,197,10,5.0761421319796955
48436dade18ac8b2bce089ec2a041202,volta redonda,SP,132,10,7.575757575757576
c003204e1ab016dfa150abc119207b24,cajamar,SP,194,10,5.154639175257732
c9c7905cffc4ef9ff9f113554423e671,itapecerica da serra,SP,125,10,8.0
ceaec5548eefc6e23e6607c5435102e7,sao paulo,SP,197,10,5.0761421319796955
dbc22125167c298ef99da25668e1011f,borda da mata,MG,383,10,2.6109660574412534
ef0ace09169ac090589d85746e3e036f,sao goncalo,RJ,125,10,8.0
0c8380b62e38e8a1e6adbeba7eb9688c,tres coracoes,MG,170,9,5.294117647058823
1c129092bf23f28a5930387c980c0dfc,sao paulo,SP,185,9,4.864864864864865
41b39e28db005d9731d9d485a83b4c38,santo andre,SP,176,9,5.113636363636363
5656537e588803a555b8eb41f07a944b,brasilia,DF,169,9,5.325443786982248
6a8b085f816a1f75f92dbac6eb545f8f,bebedouro,SP,123,9,7.317073170731708
6d66611d7c44cc30ce351abc49a68421,sao paulo,SP,160,9,5.625
6edacfd9f9074789dad6d62ba7950b9c,guarulhos,SP,196,9,4.591836734693878
850f4f8af5ea87287ac68de36e29107f,sao paulo,SP,182,9,4.945054945054945
e5a38146df062edaf55c38afa99e42dc,sao paulo,SP,119,9,7.563025210084033
3c7c4a49ec3c6550809089c6a2ca9370,sao paulo,SP,135,8,5.925925925925926
42b729f859728f5079499127a9c2ef37,sao paulo,SP,101,8,7.920792079207921
562fc2f2c2863ab7e79a9e4388a58a14,campinas,SP,248,8,3.225806451612903
813348c996469b40f2e028d5429d3495,jundiai,SP,170,8,4.705882352941177
f5a590cf36251cf1162ea35bef76fe84,sao bernardo do campo,SP,113,8,7.079646017699115
01fdefa7697d26ad920e9e0346d4bd1b,londrina,PR,127,7,5.511811023622047
17a053fcb14bd219540cbde0df490be0,mogi guacu,SP,122,7,5.737704918032787
37be5a7c751166fbc5f8ccba4119e043,sao paulo,SP,269,7,2.6022304832713754
59fb871bf6f4522a87ba567b42dafecf,sao paulo,SP,123,7,5.691056910569106
669ae81880e08f269a64487cfb287169,rio do sul,SC,159,7,4.40251572327044
70eea00b476a314817cefde4aad4f89a,itatiba,SP,104,7,6.730769230769231
7178f9f4dd81dcef02f62acdf8151e01,videira,SC,202,7,3.4653465346534653
9b013e03b2ab786505a1d3b5c0756754,vicente de carvalho,SP,167,7,4.191616766467066
0adac9fbd9a2b63cccaac4f8756c1ca8,louveira,SP,103,6,5.825242718446602
0b90b6df587eb83608a64ea8b390cf07,maringa,PR,158,6,3.7974683544303796
18a349e75d307f4b4cc646a691ed4216,sao paulo,SP,107,6,5.607476635514018
1a3df491d1c4f1589fc2b934ada68bf2,joinville,SC,160,6,3.75
2528513dd95219a6013d4d05176e391a,osasco,SP,147,6,4.081632653061225
537eb890efff034a88679788b647c564,rio de janeiro,RJ,148,6,4.054054054054054
7008613ea464bad5cb9b83456e1e6a8f,canoinhas,SC,123,6,4.878048780487805
79ebd9a61bac3eaf882805ed4ecfa12a,cascavel,PR,122,6,4.918032786885246
95e03ca3d4146e4011985981aeb959b9,rio de janeiro,RJ,168,6,3.5714285714285716
bfd27a966d91cfaafdb25d076585f0da,serra negra,SP,114,6,5.2631578947368425
dd2bdf855a9172734fbc3744021ae9b9,belo horizonte,MG,105,6,5.714285714285714
f4aba7c0bca51484c30ab7bdc34bcdd1,sao paulo,SP,107,6,5.607476635514018
f80edd2c5aaa505cc4b0a3b219abf4b8,sao paulo,SP,110,6,5.454545454545454
080102cd0a76b09e0dcf55fcacc60e05,belo horizonte,MG,120,5,4.166666666666667
0db783cfcd3b73998abc6e10e59a102f,santos,SP,130,5,3.8461538461538463
1b4c3a6f53068f0b6944d2d005c9fc89,sao ludgero,SC,108,5,4.62962962962963
1c68394e931a64f90ea236c5ea590300,sarandi,PR,132,5,3.787878787878788
36a968b544695394e4e9d7572688598f,santos,SP,146,5,3.4246575342465753
44073f8b7e41514de3b7815dd0237f4f,brasilia,DF,141,5,3.5460992907801416
5a8e7d5003a1f221f9e1d6e411de7c23,campinas,SP,126,5,3.9682539682539684
640e21a7d01df7614a3b4923e990d40c,ibitinga,SP,105,5,4.761904761904762
710e3548e02bc1d2831dfc4f1b5b14d4,rolandia,PR,129,5,3.875968992248062
aafe36600ce604f205b86b5084d3d767,sao jose,SC,127,5,3.937007874015748
b76dba6c951ab00dc4edf0a1aa88037e,sao paulo,SP,157,5,3.1847133757961785
db4350fd57ae30082dec7acbaacc17f9,sao paulo,SP,128,5,3.90625
1e8b33f18b4f7598d87f5cbee2282cc2,sao paulo,SP,117,4,3.4188034188034186
2a84855fd20af891be03bc5924d2b453,belo horizonte,MG,153,4,2.6143790849673203
7722b1df1b0e383e000397b2c11e3e19,sao bernardo do campo,SP,126,4,3.1746031746031744
86ccac0b835037332a596a33b6949ee1,blumenau,SC,169,4,2.366863905325444
8a32e327fe2c1b3511609d81aaf9f042,sao paulo,SP,124,4,3.225806451612903
c33847515fa6305ce6feb1e818569f13,brusque,SC,108,4,3.7037037037037037
c3cfdc648177fdbbbb35635a37472c53,curitiba,PR,273,4,1.465201465201465
cab85505710c7cb9b720bceb52b01cee,sao paulo,SP,199,4,2.0100502512562812
d98eec89afa3380e14463da2aabaea72,porto alegre,RS,164,4,2.4390243902439024
dbb9b48c841a0e39e21f98e1a6b2ec3e,sao paulo,SP,103,4,3.883495145631068
25e6ffe976bd75618accfe16cefcbd0d,sao paulo,SP,103,3,2.912621359223301
5cf13accae3222c70a9cac40818ae839,patos de minas,MG,142,3,2.112676056338028
aaed1309374718fdd995ee4c58c9dfcd,timbo,SC,103,3,2.912621359223301
b4ffb71f0cb1b1c3d63fad021ecf93e1,sao paulo,SP,139,3,2.158273381294964
e26901d5ab434ce92fd9b5c256820a4e,maua,SP,196,3,1.530612244897959
0ea22c1cfbdc755f86b9b54b39c16043,sete lagoas,MG,219,2,0.91324200913242
1127b7f2594683f2510f1c2c834a486b,campinas,SP,108,2,1.8518518518518519
229c3efbfb0ea2058de4ccdfbc3d784a,belo horizonte,MG,118,2,1.694915254237288
259f7b5e6e482c230e5bfaa670b6bb8f,poa,SP,132,2,1.5151515151515151
289cdb325fb7e7f891c38608bf9e0962,belo horizonte,SP,103,2,1.941747572815534
33a6f4b1e7cdc205511e76ba1b6e0186,guarulhos,SP,100,2,2.0
6c7d50c24b3ccd2fd83b44d8bb34e073,presidente prudente,SP,102,2,1.9607843137254901
6cd68b3ed6d59aaa9fece558ad360c0a,belo horizonte,MG,145,2,1.3793103448275863
ce27a3cc3c8cc1ea79d11e561e9bebb6,sao paulo,SP,122,2,1.639344262295082
0bae85eb84b9fb3bd773911e89288d54,itajai,SP,130,1,0.7692307692307693
12b9676b00f60f3b700e83af21824c0e,montenegro,RS,133,1,0.7518796992481203
17ca9b9e9b9ef8fdb529001b49ebb50f,betim,MG,112,1,0.8928571428571429
612170e34b97004b3ba37eae81836b4c,novo hamburgo,RS,106,1,0.9433962264150944
8c16d1f32a54d92897cc437244442e1b,blumenau,SC,106,1,0.9433962264150944
fc906263ca5083d09dce42fe02247800,belo horizonte,MG,111,0,0.0
